station_id,capture_id,receiver_id,config_id,timestamp_utc,bssid,ssid,frequency_mhz,rssi_dbm
"P3","demo-P3","simulated-receiver","omni-fixed-settings","2026-09-28T12:04:00.000Z","02:00:00:00:00:01","Field lab","2437","-74.6"
"P3","demo-P3","simulated-receiver","omni-fixed-settings","2026-09-28T12:04:00.500Z","02:00:00:00:00:01","Field lab","2437","-73.1"
"P3","demo-P3","simulated-receiver","omni-fixed-settings","2026-09-28T12:04:01.000Z","02:00:00:00:00:01","Field lab","2437","-75"
"P3","demo-P3","simulated-receiver","omni-fixed-settings","2026-09-28T12:04:01.500Z","02:00:00:00:00:01","Field lab","2437","-76"
"P3","demo-P3","simulated-receiver","omni-fixed-settings","2026-09-28T12:04:02.000Z","02:00:00:00:00:01","Field lab","2437","-73.9"
"P3","demo-P3","simulated-receiver","omni-fixed-settings","2026-09-28T12:04:02.500Z","02:00:00:00:00:01","Field lab","2437","-73.4"
"P3","demo-P3","simulated-receiver","omni-fixed-settings","2026-09-28T12:04:03.000Z","02:00:00:00:00:01","Field lab","2437","-75.7"
"P3","demo-P3","simulated-receiver","omni-fixed-settings","2026-09-28T12:04:03.500Z","02:00:00:00:00:01","Field lab","2437","-75.5"
"P3","demo-P3","simulated-receiver","omni-fixed-settings","2026-09-28T12:04:04.000Z","02:00:00:00:00:01","Field lab","2437","-73.3"
"P3","demo-P3","simulated-receiver","omni-fixed-settings","2026-09-28T12:04:04.500Z","02:00:00:00:00:01","Field lab","2437","-74"
"P3","demo-P3","simulated-receiver","omni-fixed-settings","2026-09-28T12:04:05.000Z","02:00:00:00:00:01","Field lab","2437","-76.1"
"P3","demo-P3","simulated-receiver","omni-fixed-settings","2026-09-28T12:04:05.500Z","02:00:00:00:00:01","Field lab","2437","-74.8"
"P3","demo-P3","simulated-receiver","omni-fixed-settings","2026-09-28T12:04:06.000Z","02:00:00:00:00:01","Field lab","2437","-73.1"
"P3","demo-P3","simulated-receiver","omni-fixed-settings","2026-09-28T12:04:06.500Z","02:00:00:00:00:01","Field lab","2437","-74.8"
"P3","demo-P3","simulated-receiver","omni-fixed-settings","2026-09-28T12:04:07.000Z","02:00:00:00:00:01","Field lab","2437","-76.1"
"P3","demo-P3","simulated-receiver","omni-fixed-settings","2026-09-28T12:04:07.500Z","02:00:00:00:00:01","Field lab","2437","-74.1"
"P3","demo-P3","simulated-receiver","omni-fixed-settings","2026-09-28T12:04:08.000Z","02:00:00:00:00:01","Field lab","2437","-73.3"
"P3","demo-P3","simulated-receiver","omni-fixed-settings","2026-09-28T12:04:08.500Z","02:00:00:00:00:01","Field lab","2437","-75.5"
"P3","demo-P3","simulated-receiver","omni-fixed-settings","2026-09-28T12:04:09.000Z","02:00:00:00:00:01","Field lab","2437","-75.7"
"P3","demo-P3","simulated-receiver","omni-fixed-settings","2026-09-28T12:04:09.500Z","02:00:00:00:00:01","Field lab","2437","-73.5"
"P3","demo-P3","simulated-receiver","omni-fixed-settings","2026-09-28T12:04:10.000Z","02:00:00:00:00:01","Field lab","2437","-73.8"
"P3","demo-P3","simulated-receiver","omni-fixed-settings","2026-09-28T12:04:10.500Z","02:00:00:00:00:01","Field lab","2437","-76"
"P3","demo-P3","simulated-receiver","omni-fixed-settings","2026-09-28T12:04:11.000Z","02:00:00:00:00:01","Field lab","2437","-75.1"
"P3","demo-P3","simulated-receiver","omni-fixed-settings","2026-09-28T12:04:11.500Z","02:00:00:00:00:01","Field lab","2437","-73.1"
"P3","demo-P3","simulated-receiver","omni-fixed-settings","2026-09-28T12:04:12.000Z","02:00:00:00:00:01","Field lab","2437","-74.6"
"P3","demo-P3","simulated-receiver","omni-fixed-settings","2026-09-28T12:04:12.500Z","02:00:00:00:00:01","Field lab","2437","-76.1"
"P3","demo-P3","simulated-receiver","omni-fixed-settings","2026-09-28T12:04:13.000Z","02:00:00:00:00:01","Field lab","2437","-74.3"
"P3","demo-P3","simulated-receiver","omni-fixed-settings","2026-09-28T12:04:13.500Z","02:00:00:00:00:01","Field lab","2437","-73.2"
"P3","demo-P3","simulated-receiver","omni-fixed-settings","2026-09-28T12:04:14.000Z","02:00:00:00:00:01","Field lab","2437","-75.3"
"P3","demo-P3","simulated-receiver","omni-fixed-settings","2026-09-28T12:04:14.500Z","02:00:00:00:00:01","Field lab","2437","-75.9"
"P3","demo-P3","simulated-receiver","omni-fixed-settings","2026-09-28T12:04:15.000Z","02:00:00:00:00:01","Field lab","2437","-73.6"
"P3","demo-P3","simulated-receiver","omni-fixed-settings","2026-09-28T12:04:15.500Z","02:00:00:00:00:01","Field lab","2437","-73.6"
"P3","demo-P3","simulated-receiver","omni-fixed-settings","2026-09-28T12:04:16.000Z","02:00:00:00:00:01","Field lab","2437","-75.9"
"P3","demo-P3","simulated-receiver","omni-fixed-settings","2026-09-28T12:04:16.500Z","02:00:00:00:00:01","Field lab","2437","-75.3"
"P3","demo-P3","simulated-receiver","omni-fixed-settings","2026-09-28T12:04:17.000Z","02:00:00:00:00:01","Field lab","2437","-73.2"
"P3","demo-P3","simulated-receiver","omni-fixed-settings","2026-09-28T12:04:17.500Z","02:00:00:00:00:01","Field lab","2437","-74.3"
"P3","demo-P3","simulated-receiver","omni-fixed-settings","2026-09-28T12:04:18.000Z","02:00:00:00:00:01","Field lab","2437","-76.1"
"P3","demo-P3","simulated-receiver","omni-fixed-settings","2026-09-28T12:04:18.500Z","02:00:00:00:00:01","Field lab","2437","-74.5"
"P3","demo-P3","simulated-receiver","omni-fixed-settings","2026-09-28T12:04:19.000Z","02:00:00:00:00:01","Field lab","2437","-73.1"
"P3","demo-P3","simulated-receiver","omni-fixed-settings","2026-09-28T12:04:19.500Z","02:00:00:00:00:01","Field lab","2437","-75.1"
"P3","demo-P3","simulated-receiver","omni-fixed-settings","2026-09-28T12:04:20.000Z","02:00:00:00:00:01","Field lab","2437","-76"
"P3","demo-P3","simulated-receiver","omni-fixed-settings","2026-09-28T12:04:20.500Z","02:00:00:00:00:01","Field lab","2437","-73.8"
"P3","demo-P3","simulated-receiver","omni-fixed-settings","2026-09-28T12:04:21.000Z","02:00:00:00:00:01","Field lab","2437","-73.5"
"P3","demo-P3","simulated-receiver","omni-fixed-settings","2026-09-28T12:04:21.500Z","02:00:00:00:00:01","Field lab","2437","-75.7"
"P3","demo-P3","simulated-receiver","omni-fixed-settings","2026-09-28T12:04:22.000Z","02:00:00:00:00:01","Field lab","2437","-75.5"
"P3","demo-P3","simulated-receiver","omni-fixed-settings","2026-09-28T12:04:00.000Z","02:00:00:00:00:02","Ridge station","2437","-71.2"
"P3","demo-P3","simulated-receiver","omni-fixed-settings","2026-09-28T12:04:00.500Z","02:00:00:00:00:02","Ridge station","2437","-69.7"
"P3","demo-P3","simulated-receiver","omni-fixed-settings","2026-09-28T12:04:01.000Z","02:00:00:00:00:02","Ridge station","2437","-71.6"
"P3","demo-P3","simulated-receiver","omni-fixed-settings","2026-09-28T12:04:01.500Z","02:00:00:00:00:02","Ridge station","2437","-72.6"
"P3","demo-P3","simulated-receiver","omni-fixed-settings","2026-09-28T12:04:02.000Z","02:00:00:00:00:02","Ridge station","2437","-70.4"
"P3","demo-P3","simulated-receiver","omni-fixed-settings","2026-09-28T12:04:02.500Z","02:00:00:00:00:02","Ridge station","2437","-70"
"P3","demo-P3","simulated-receiver","omni-fixed-settings","2026-09-28T12:04:03.000Z","02:00:00:00:00:02","Ridge station","2437","-72.2"
"P3","demo-P3","simulated-receiver","omni-fixed-settings","2026-09-28T12:04:03.500Z","02:00:00:00:00:02","Ridge station","2437","-72.1"
"P3","demo-P3","simulated-receiver","omni-fixed-settings","2026-09-28T12:04:04.000Z","02:00:00:00:00:02","Ridge station","2437","-69.9"
"P3","demo-P3","simulated-receiver","omni-fixed-settings","2026-09-28T12:04:04.500Z","02:00:00:00:00:02","Ridge station","2437","-70.6"
"P3","demo-P3","simulated-receiver","omni-fixed-settings","2026-09-28T12:04:05.000Z","02:00:00:00:00:02","Ridge station","2437","-72.6"
"P3","demo-P3","simulated-receiver","omni-fixed-settings","2026-09-28T12:04:05.500Z","02:00:00:00:00:02","Ridge station","2437","-71.4"
"P3","demo-P3","simulated-receiver","omni-fixed-settings","2026-09-28T12:04:06.000Z","02:00:00:00:00:02","Ridge station","2437","-69.7"
"P3","demo-P3","simulated-receiver","omni-fixed-settings","2026-09-28T12:04:06.500Z","02:00:00:00:00:02","Ridge station","2437","-71.3"
"P3","demo-P3","simulated-receiver","omni-fixed-settings","2026-09-28T12:04:07.000Z","02:00:00:00:00:02","Ridge station","2437","-72.6"
"P3","demo-P3","simulated-receiver","omni-fixed-settings","2026-09-28T12:04:07.500Z","02:00:00:00:00:02","Ridge station","2437","-70.6"
"P3","demo-P3","simulated-receiver","omni-fixed-settings","2026-09-28T12:04:08.000Z","02:00:00:00:00:02","Ridge station","2437","-69.9"
"P3","demo-P3","simulated-receiver","omni-fixed-settings","2026-09-28T12:04:08.500Z","02:00:00:00:00:02","Ridge station","2437","-72"
"P3","demo-P3","simulated-receiver","omni-fixed-settings","2026-09-28T12:04:09.000Z","02:00:00:00:00:02","Ridge station","2437","-72.3"
"P3","demo-P3","simulated-receiver","omni-fixed-settings","2026-09-28T12:04:09.500Z","02:00:00:00:00:02","Ridge station","2437","-70"
"P3","demo-P3","simulated-receiver","omni-fixed-settings","2026-09-28T12:04:10.000Z","02:00:00:00:00:02","Ridge station","2437","-70.4"
"P3","demo-P3","simulated-receiver","omni-fixed-settings","2026-09-28T12:04:10.500Z","02:00:00:00:00:02","Ridge station","2437","-72.5"
"P3","demo-P3","simulated-receiver","omni-fixed-settings","2026-09-28T12:04:11.000Z","02:00:00:00:00:02","Ridge station","2437","-71.6"
"P3","demo-P3","simulated-receiver","omni-fixed-settings","2026-09-28T12:04:11.500Z","02:00:00:00:00:02","Ridge station","2437","-69.7"
"P3","demo-P3","simulated-receiver","omni-fixed-settings","2026-09-28T12:04:12.000Z","02:00:00:00:00:02","Ridge station","2437","-71.1"
"P3","demo-P3","simulated-receiver","omni-fixed-settings","2026-09-28T12:04:12.500Z","02:00:00:00:00:02","Ridge station","2437","-72.7"
"P3","demo-P3","simulated-receiver","omni-fixed-settings","2026-09-28T12:04:13.000Z","02:00:00:00:00:02","Ridge station","2437","-70.8"
"P3","demo-P3","simulated-receiver","omni-fixed-settings","2026-09-28T12:04:13.500Z","02:00:00:00:00:02","Ridge station","2437","-69.8"
"P3","demo-P3","simulated-receiver","omni-fixed-settings","2026-09-28T12:04:14.000Z","02:00:00:00:00:02","Ridge station","2437","-71.9"
"P3","demo-P3","simulated-receiver","omni-fixed-settings","2026-09-28T12:04:14.500Z","02:00:00:00:00:02","Ridge station","2437","-72.4"
"P3","demo-P3","simulated-receiver","omni-fixed-settings","2026-09-28T12:04:15.000Z","02:00:00:00:00:02","Ridge station","2437","-70.2"
"P3","demo-P3","simulated-receiver","omni-fixed-settings","2026-09-28T12:04:15.500Z","02:00:00:00:00:02","Ridge station","2437","-70.2"
"P3","demo-P3","simulated-receiver","omni-fixed-settings","2026-09-28T12:04:16.000Z","02:00:00:00:00:02","Ridge station","2437","-72.4"
"P3","demo-P3","simulated-receiver","omni-fixed-settings","2026-09-28T12:04:16.500Z","02:00:00:00:00:02","Ridge station","2437","-71.8"
"P3","demo-P3","simulated-receiver","omni-fixed-settings","2026-09-28T12:04:17.000Z","02:00:00:00:00:02","Ridge station","2437","-69.7"
"P3","demo-P3","simulated-receiver","omni-fixed-settings","2026-09-28T12:04:17.500Z","02:00:00:00:00:02","Ridge station","2437","-70.9"
"P3","demo-P3","simulated-receiver","omni-fixed-settings","2026-09-28T12:04:18.000Z","02:00:00:00:00:02","Ridge station","2437","-72.7"
"P3","demo-P3","simulated-receiver","omni-fixed-settings","2026-09-28T12:04:18.500Z","02:00:00:00:00:02","Ridge station","2437","-71.1"
"P3","demo-P3","simulated-receiver","omni-fixed-settings","2026-09-28T12:04:19.000Z","02:00:00:00:00:02","Ridge station","2437","-69.7"
"P3","demo-P3","simulated-receiver","omni-fixed-settings","2026-09-28T12:04:19.500Z","02:00:00:00:00:02","Ridge station","2437","-71.7"
"P3","demo-P3","simulated-receiver","omni-fixed-settings","2026-09-28T12:04:20.000Z","02:00:00:00:00:02","Ridge station","2437","-72.5"
"P3","demo-P3","simulated-receiver","omni-fixed-settings","2026-09-28T12:04:20.500Z","02:00:00:00:00:02","Ridge station","2437","-70.3"
"P3","demo-P3","simulated-receiver","omni-fixed-settings","2026-09-28T12:04:21.000Z","02:00:00:00:00:02","Ridge station","2437","-70"
"P3","demo-P3","simulated-receiver","omni-fixed-settings","2026-09-28T12:04:21.500Z","02:00:00:00:00:02","Ridge station","2437","-72.3"
"P3","demo-P3","simulated-receiver","omni-fixed-settings","2026-09-28T12:04:22.000Z","02:00:00:00:00:02","Ridge station","2437","-72"
"P3","demo-P3","simulated-receiver","omni-fixed-settings","2026-09-28T12:04:00.000Z","02:00:00:00:00:04","Brief capture","2437","-74.4"
"P3","demo-P3","simulated-receiver","omni-fixed-settings","2026-09-28T12:04:00.500Z","02:00:00:00:00:04","Brief capture","2437","-72.9"
"P3","demo-P3","simulated-receiver","omni-fixed-settings","2026-09-28T12:04:01.000Z","02:00:00:00:00:04","Brief capture","2437","-74.8"
"P3","demo-P3","simulated-receiver","omni-fixed-settings","2026-09-28T12:04:01.500Z","02:00:00:00:00:04","Brief capture","2437","-75.8"
